{
  "alpha": 0.05,
  "n_A": 37,
  "n_B": 30,
  "n_total": 67,
  "balance": {
    "button_clicks": {
      "t": 2.177202304555699,
      "p": 0.033422365222775176,
      "mean_A": 8.891891891891891,
      "mean_B": 7.433333333333334
    },
    "tab_switches": {
      "t": 0.9417519072400389,
      "p": 0.34985845571277985,
      "mean_A": 5.027027027027027,
      "mean_B": 4.566666666666666
    },
    "scroll_count": {
      "t": 0.07722557552551312,
      "p": 0.938703073958285,
      "mean_A": 1.1891891891891893,
      "mean_B": 1.1666666666666667
    }
  },
  "primary": {
    "outcome": "completed_full_workflow",
    "definition": "reached EDA AND Cleaning AND Feature Engineering",
    "p_A": 0.21621621621621623,
    "p_B": 0.7666666666666667,
    "x_A": 8,
    "x_B": 23,
    "diff": 0.5504504504504505,
    "ci": [
      0.3491980000035056,
      0.7517029008973954
    ],
    "z": 4.493502885398463,
    "p_value": 7.006107170193232e-06,
    "fisher_OR": 11.910714285714286,
    "fisher_p": 7.977996761664499e-06,
    "rel_lift_pct": 254.58333333333334,
    "cohens_h": 1.1660846860408298,
    "post_hoc_power": 0.9973345305428406
  },
  "secondary": {
    "workflow_depth": {
      "label": "Workflow depth (0-3)",
      "n_A": 37,
      "n_B": 30,
      "mean_A": 1.864864864864865,
      "mean_B": 2.7333333333333334,
      "sd_A": 0.7874770600596058,
      "sd_B": 0.5208304597621879,
      "median_A": 2.0,
      "median_B": 3.0,
      "t": -5.40662336675755,
      "df_welch": 62.67637852087649,
      "p_welch": 1.0642998946782777e-06,
      "U": 221.5,
      "p_mwu": 5.598673359393872e-06,
      "cohens_d": 1.2743010740513978,
      "cliffs_delta": 0.6009009009009009,
      "diff": 0.8684684684684685,
      "ci": [
        0.5474416424828006,
        1.1894952944541364
      ],
      "p_holm": 8.514399157426221e-06
    },
    "linear_path_score": {
      "label": "Linear path score (1-4)",
      "n_A": 37,
      "n_B": 30,
      "mean_A": 2.4324324324324325,
      "mean_B": 3.566666666666667,
      "sd_A": 0.6472394602609757,
      "sd_B": 0.7279320417946061,
      "median_A": 2.0,
      "median_B": 4.0,
      "t": -6.662179614910182,
      "df_welch": 58.67376740796367,
      "p_welch": 1.0299686417560507e-08,
      "U": 165.5,
      "p_mwu": 1.9525826909891744e-07,
      "cohens_d": 1.6572264003179464,
      "cliffs_delta": 0.7018018018018019,
      "diff": 1.1342342342342344,
      "ci": [
        0.7935256887708364,
        1.4749427796976324
      ],
      "p_holm": 9.269717775804457e-08
    },
    "session_duration_sec": {
      "label": "Session duration (s)",
      "n_A": 37,
      "n_B": 30,
      "mean_A": 147.1081081081081,
      "mean_B": 173.66666666666666,
      "sd_A": 67.23787944627962,
      "sd_B": 70.35541953162716,
      "median_A": 143.0,
      "median_B": 164.0,
      "t": -1.5672011239332337,
      "df_welch": 60.93573990654974,
      "p_welch": 0.12224646893243744,
      "U": 433.5,
      "p_mwu": 0.12705842339364892,
      "cohens_d": 0.38689000861033895,
      "cliffs_delta": 0.21891891891891893,
      "diff": 26.55855855855856,
      "ci": [
        -7.328765754431977,
        60.445882871549095
      ],
      "p_holm": 0.2444929378648749
    },
    "total_tab_duration_sec": {
      "label": "Total tab duration (s)",
      "n_A": 37,
      "n_B": 30,
      "mean_A": 117.32432432432432,
      "mean_B": 159.03333333333333,
      "sd_A": 64.28109020978533,
      "sd_B": 94.98329556707121,
      "median_A": 110.0,
      "median_B": 135.5,
      "t": -2.053846642089747,
      "df_welch": 49.085069437783794,
      "p_welch": 0.04533695124960102,
      "U": 425.5,
      "p_mwu": 0.10382132166110429,
      "cohens_d": 0.5249158813308556,
      "cliffs_delta": 0.23333333333333334,
      "diff": 41.70900900900901,
      "ci": [
        0.9008416741295378,
        82.51717634388848
      ],
      "p_holm": 0.13601085374880306
    },
    "avg_tab_duration_sec": {
      "label": "Avg tab duration (s)",
      "n_A": 37,
      "n_B": 30,
      "mean_A": 23.132432432432434,
      "mean_B": 35.26,
      "sd_A": 8.021708534209392,
      "sd_B": 19.766404797552077,
      "median_A": 23.2,
      "median_B": 31.4,
      "t": -3.156378037214956,
      "df_welch": 36.73452887729258,
      "p_welch": 0.003184970435570984,
      "U": 316.0,
      "p_mwu": 0.0026360969237426216,
      "cohens_d": 0.8369695689612504,
      "cliffs_delta": 0.4306306306306306,
      "diff": 12.127567567567564,
      "ci": [
        4.340546705263025,
        19.914588429872104
      ],
      "p_holm": 0.01371819339517466
    },
    "completed_two_or_more": {
      "label": "Reached >=2 stages",
      "p_A": 0.6756756756756757,
      "p_B": 0.9666666666666667,
      "x_A": 25,
      "x_B": 29,
      "diff": 0.290990990990991,
      "ci": [
        0.12704399977965655,
        0.4549379822023255
      ],
      "z": 2.995090007645428,
      "p_welch": 0.002743638679034932,
      "fisher_p": 0.0038956199566643358,
      "p_mwu": 0.002743638679034932,
      "cohens_h": 0.844574217120655,
      "p_holm": 0.01371819339517466
    },
    "reached_eda": {
      "label": "Reached EDA",
      "p_A": 0.6216216216216216,
      "p_B": 0.7666666666666667,
      "x_A": 23,
      "x_B": 23,
      "diff": 0.14504504504504512,
      "ci": [
        -0.07250560354094723,
        0.3625956936310375
      ],
      "z": 1.2726624335108156,
      "p_welch": 0.20313785357542224,
      "fisher_p": 0.2902778129878594,
      "p_mwu": 0.20313785357542224,
      "cohens_h": 0.3168281186853914,
      "p_holm": 0.2444929378648749
    },
    "reached_cleaning": {
      "label": "Reached Cleaning",
      "p_A": 0.7297297297297297,
      "p_B": 1.0,
      "x_A": 27,
      "x_B": 30,
      "diff": 0.2702702702702703,
      "ci": [
        0.12717167604985952,
        0.41336886449068105
      ],
      "z": 3.0871642675429087,
      "p_welch": 0.0020207589441085805,
      "fisher_p": 0.0015257389796076318,
      "p_mwu": 0.0020207589441085805,
      "cohens_h": 1.093409804758255,
      "p_holm": 0.012124553664651483
    },
    "reached_feature_eng": {
      "label": "Reached Feature Engineering",
      "p_A": 0.5135135135135135,
      "p_B": 0.9666666666666667,
      "x_A": 19,
      "x_B": 29,
      "diff": 0.4531531531531532,
      "ci": [
        0.2797635359834695,
        0.6265427703228369
      ],
      "z": 4.09210225837506,
      "p_welch": 4.274800551917757e-05,
      "fisher_p": 2.6121126418462605e-05,
      "p_mwu": 4.274800551917757e-05,
      "cohens_h": 1.1765579877667807,
      "p_holm": 0.000299236038634243
    }
  },
  "logreg": {
    "intercept": -1.8280514655697444,
    "coefs": {
      "variant_B": 3.6067939608519524,
      "button_clicks": 0.09029807148891512,
      "tab_switches": 1.3684575080792023,
      "scroll_count": 0.18756735717664832
    },
    "odds_ratios": {
      "variant_B": {
        "OR": 36.84772798072652,
        "CI_lo": 11.442499050386273,
        "CI_hi": 2185.081526860626,
        "beta": 3.6067939608519524
      },
      "button_clicks": {
        "OR": 1.0945004744747562,
        "CI_lo": 0.4683842836533448,
        "CI_hi": 2.4022565514969827,
        "beta": 0.09029807148891512
      },
      "tab_switches": {
        "OR": 3.9292851280642047,
        "CI_lo": 2.120365677297938,
        "CI_hi": 31.852880905118194,
        "beta": 1.3684575080792023
      },
      "scroll_count": {
        "OR": 1.2063115004213578,
        "CI_lo": 0.6240220230913588,
        "CI_hi": 4.674578114553795,
        "beta": 0.18756735717664832
      }
    },
    "n_boot": 800,
    "features": [
      "variant_B",
      "button_clicks",
      "tab_switches",
      "scroll_count"
    ],